date,open,close,high,low,volume,MA5,macd_line,signal_line,rsi_14,target,pred,actual
2025-02-21,3938.052,-0.4625366631874097,3927.787,3978.444,1.1767641143137495,-0.5048844434275572,0.3529217193704747,0.146314444151178,1.5835024521674057,0.0037422306890044,-0.0022602789103984833,0.0037422305904328823
2025-02-24,3972.483,-0.436384303607043,3949.231,3969.717,1.0654207481725375,-0.4907806670259592,0.4185235971270553,0.2057962298596028,1.631976252246335,-0.0101382751418561,-0.0005346052348613739,-0.010138275101780891
2025-02-25,3933.636,-0.5075001843507535,3915.653,3925.651,0.3439038363545481,-0.494298335502253,0.4052753040853069,0.2505570571160437,1.1128066535227503,0.0012377908467187,0.00044517964124679565,0.0012377907987684011
2025-02-26,3931.842,-0.4989056110855187,3925.366,3959.941,0.5627803470225916,-0.4884328548594303,0.3969980566331922,0.2846009690077367,1.1570675149775658,0.0034345622713258,-0.0014723315834999084,0.0034345623571425676
2025-02-27,3961.064,-0.4750282856047736,3933.461,3968.116,0.7625897992801394,-0.4767223185183878,0.4054784134421976,0.3136441523495381,0.7112166548879459,-0.0003651295492724,-0.0021122395992279053,-0.0003651295555755496
2025-02-28,3950.187,-0.4775754109740245,3886.399,3890.049,0.6817598363864366,-0.4797392236977268,0.4049139473206036,0.3367583520664581,0.9014375115548188,-0.0106925621544823,-0.0027296356856822968,-0.010692561976611614
2025-03-03,3899.696,-0.5521389514180874,3872.587,3888.474,0.3357020168012701,-0.5029606249386195,0.3371005375548174,0.3407915589687765,0.3039090258113211,-0.0100714884586661,-0.0020428523421287537,-0.010071488097310066
2025-03-04,3865.994,-0.6216205291164689,3855.725,3885.221,-0.1335521967066345,-0.525854170603236,0.2216179391501937,0.319396665881395,-0.2679303301311544,0.0041118911460549,-0.0029286332428455353,0.004111891146749258
2025-03-05,3887.799,-0.5935389546630445,3877.019,3902.571,0.015167543793081,-0.5448384523019554,0.1516167403664217,0.287356151149096,-0.2955777123587172,0.0148660372243545,-0.004000551998615265,0.014866037294268608
2025-03-06,3923.383,-0.491596010783958,3917.083,3956.237,0.6117535299524094,-0.5481620838045334,0.1797572682658632,0.2677234384736849,0.2190820532855547,0.0006507766186554,-0.003466859459877014,0.0006507766083814204
2025-03-07,3944.915,-0.487067007715268,3935.046,3944.014,0.1516852752683448,-0.5500661816573034,0.2030804236098184,0.2569898798945018,0.1289440434504963,-0.0045194518680519,-0.001461327075958252,-0.004519451875239611
2025-03-10,3945.58,-0.5185400681875726,3905.127,3928.802,-0.0843111866401067,-0.5433259499387871,0.1922841382312197,0.2461012118281781,-0.1033097238141767,-0.0019571324932358,-0.0012912936508655548,-0.0019571324810385704
2025-03-11,3890.431,-0.5321077676906365,3889.43,3941.416,-0.2196665371903288,-0.5253689020918395,0.1698388774388417,0.2326048372550696,0.0131136494597638,0.0030945731178844,-0.0020898543298244476,0.00309457303956151
2025-03-12,3946.862,-0.5106968179120273,3921.474,3927.232,-0.017283301800707,-0.5087500402705121,0.1677470158735944,0.2213617424106716,0.1427684986729751,-0.0036240269343509,-0.0025548338890075684,-0.003624026896432042
2025-03-13,3925.744,-0.5358485837911714,3897.376,3911.579,-0.0205907498184722,-0.5176274959336292,0.1427227169619469,0.2070319627890468,-0.3541981346357014,0.019007002539801,-0.002339746803045273,0.0190070029348135
2025-03-14,3919.616,-0.4044127017116732,3919.616,4006.557,0.986486594537936,-0.5010463146135496,0.2308439606615528,0.2143560221522081,0.1724426719005093,0.0018855755340034,-0.0025410056114196777,0.0018855755915865302
2025-03-17,4020.64,-0.3911258706159695,3992.256,3996.788,0.0751529824192129,-0.4754859050615591,0.3078954453242538,0.2366430255697023,0.5942996362510263,-0.001207192530176,-0.0005971230566501617,-0.001207192544825375
2025-03-18,4011.779,-0.3996484713518186,3995.96,4007.723,-0.2964766430343372,-0.448913404289142,0.3571744055225301,0.2649791452646071,0.5117844957540109,0.0020976515812174,-0.0003536827862262726,0.002097651595249772
2025-03-19,4004.825,-0.3848572388491897,3989.512,4010.168,-0.2253264404956305,-0.4236688770700419,0.403611150452021,0.297548583691238,0.4752548491956927,-0.0032934199422204,-0.0018940865993499756,-0.0032934199552983046
2025-03-20,4011.059,-0.4081289418265638,3969.926,3974.992,-0.4055240052452614,-0.3980471926842485,0.4154907024516938,0.3261369134130729,0.3610059643917168,-0.0072018189241288,-0.002927221357822418,-0.007201818749308586
2025-03-21,3966.515,-0.4588502653408008,3904.767,3914.696,0.1377104638332715,-0.408967847115957,0.3772262745559234,0.3408494127514203,0.4932036575410956,-0.0112888097554999,-0.003651946783065796,-0.011288809590041637
2025-03-24,3916.114,-0.5377830649468676,3907.2,3934.849,-0.0932757838263189,-0.4383885711976431,0.2765409154946952,0.3311527979015907,0.439421169587434,0.0020755764777817,-0.0027176961302757263,0.0020755764562636614
2025-03-25,3937.898,-0.5234342001858315,3921.529,3932.295,-0.2919669044519549,-0.4632210779825376,0.2060335543566711,0.3083629894530936,0.3815813384213311,-0.0010974678672001,-0.002463430166244507,-0.0010974678443744779
2025-03-26,3930.207,-0.5310369568875747,3916.861,3919.357,-0.4492942181394797,-0.4925460161171252,0.1416330717641597,0.2764006427014687,-0.205455393748388,0.0027800425466499,-0.002665270119905472,0.002780042588710785
2025-03-27,3911.384,-0.5117992264109172,3903.652,3932.412,-0.5231397068662244,-0.5133431877263425,0.1051760411613459,0.2430579468634224,-0.1117287222723319,-0.0047435039596659,-0.003265857696533203,-0.004743503872305155
2025-03-28,3930.776,-0.5447152483260371,3907.384,3915.166,-0.5305323508736662,-0.5305684591098068,0.0474535677257929,0.2040770746345371,-0.119680474656832,-0.0014706801883161,-0.0029613301157951355,-0.0014706802321597934
2025-03-31,3905.982,-0.554872152107216,3872.403,3887.306,0.1528029479349968,-0.5339966804149144,-0.0072570493255595,0.161227803904292,-0.1008026753711809,-0.0059020763415984,-0.002543170005083084,-0.00590207614004612
2025-04-01,3892.779,-0.5955734951888624,3882.405,3887.684,-0.2935741883065729,-0.5484684579735584,-0.0845040329540922,0.1104789500509902,-0.4451404327770842,-0.0012206607392795,-0.0010868161916732788,-0.001220660749822855
2025-04-02,3884.418,-0.6039416183006636,3877.16,3884.386,-0.7554767150324087,-0.5630937747709296,-0.1515133326917714,0.055593154314513,-0.3647841793711863,-0.0043050946097866,-0.0011898279190063477,-0.004305094480514526
2025-04-03,3843.418,-0.6334187576531614,3843.418,3861.503,-0.2560720529627351,-0.5874917232517161,-0.2273743829650124,-0.0044894317281735,-1.6915305830321816,-0.0452985205099359,-0.0019337311387062073,-0.04529852047562599
2025-04-07,3675.202,-0.9422441041114475,3514.117,3589.441,2.615982360130545,-0.6672395108316553,-0.5426986155462673,-0.119784179586207,-2.223977801579462,-0.0153779474871331,-0.0014867857098579407,-0.015377947129309177
2025-04-08,3597.986,-1.0423350719294997,3583.875,3650.759,2.068850702919895,-0.7650288632706885,-0.8676475802766025,-0.2813006971823042,-2.2730433622697066,0.0098705502061351,0.0021500438451766968,0.009870550595223904
2025-04-09,3606.104,-0.9790782403092484,3587.337,3686.794,1.7665444086500433,-0.8419632908088717,-1.05995875546554,-0.4515156007381261,-1.9680066551824773,0.0188090248600818,0.004787568002939224,0.01880902424454689
2025-04-10,3749.126,-0.8573481171316056,3708.819,3735.115,1.1742616852917207,-0.8927988649968625,-1.097306018528389,-0.5956501439634608,-1.3117261760681886,0.00165755314167,0.005598809570074081,0.0016575531335547566
2025-04-11,3730.315,-0.8464188252301859,3708.462,3750.517,0.185939911536506,-0.9355285534117695,-1.1053901580348295,-0.7126813568923185,-1.1817208074901868,0.0037925613277818,0.004689771682024002,0.0037925613578408957
2025-04-14,3772.041,-0.8213706295762554,3754.033,3759.142,0.1133305909473457,-0.9112802704733224,-1.0786590225837849,-0.8006071175347382,-0.916268552898128,-0.0032166209381158,0.0020128190517425537,-0.0032166210003197193
2025-04-15,3756.479,-0.8426955634051113,3737.85,3761.235,-0.4012767206982408,-0.8712308278060444,-1.0636998649574267,-0.8677583599847418,-1.0263445224439398,0.0028370407009086,-0.0005208887159824371,0.0028370406944304705
2025-04-16,3757.876,-0.823947597213789,3721.603,3772.82,-0.0235888220950753,-0.8401102553176047,-1.0246537444205006,-0.9131545287855224,-0.9255617955134344,0.0010486956070274,-0.002917565405368805,0.0010486956452950835
2025-04-17,3755.086,-0.8169978595591597,3749.504,3772.222,-0.5978686652477013,-0.8320156384794749,-0.9770383407822888,-0.939319625315096,-0.981137269621714,0.0007724010187541,-0.0034865066409111023,0.0007724009919911623
2025-04-18,3760.043,-0.8118737665523744,3754.407,3772.523,-0.9260416945810208,-0.8250855956378498,-0.9247770444240554,-0.9491093368236984,-0.8867569363814022,0.0021506888867501,-0.004178274422883987,0.002150688786059618
2025-04-21,3768.142,-0.7975951188931785,3763.138,3784.881,-0.6150232544056069,-0.8203160189191682,-0.8618228373846556,-0.9435189591070504,-0.7981983328561444,0.0023882783341573,-0.004777587950229645,0.002388278255239129
2025-04-22,3780.112,-0.7817049887467508,3778.079,3783.952,-0.5418185164629341,-0.808080772794397,-0.7898620435333165,-0.9237042613540046,-0.6255126391169534,0.0022962547674134,-0.004329171031713486,0.002296254737302661
2025-04-23,3803.43,-0.7663906388354123,3780.518,3786.882,-0.4353937177098478,-0.796534340318602,-0.712145931534105,-0.8912830454038739,-0.5364692753877439,-0.0001822501007102,-0.0036470629274845123,-0.0001822501071728766
2025-04-24,3787.459,-0.7676089055523388,3775.207,3784.357,-0.685839547419636,-0.7866264814157561,-0.6446191525594542,-0.8509490308685745,-0.4556658393642812,-0.0014926745218345,-0.0030425190925598145,-0.0014926745789125562
2025-04-25,3792.084,-0.7775850002962792,3780.777,3786.994,-0.560356121632069,-0.7797478530898528,-0.5931620807445291,-0.8077109181578656,1.0491008095470504,-0.0025171132927204,-0.003160569816827774,-0.0025171132292598486
2025-04-28,3786.387,-0.7943826864839915,3772.803,3781.619,-0.5509961452900296,-0.7791034108722518,-0.5605810104386424,-0.7661739833728523,1.930923941821679,-0.0017647642093582,-0.0018298923969268799,-0.0017647641943767667
2025-04-29,3776.003,-0.8061300076218497,3768.031,3775.077,-0.7813027632152254,-0.7840032846513236,-0.5389405962231582,-0.7283305926780019,1.5878799360709237,0.0005938738007607,-0.0005188696086406708,0.0005938737886026502
2025-04-30,3775.831,-0.8021838064984328,3768.757,3770.571,-0.2377922045894182,-0.7911837091414261,-0.5130067585375484,-0.6925266582308924,0.8583777718725164,0.0056843923957456,-0.0022642239928245544,0.005684392526745796
2025-05-06,3794.376,-0.764389451432968,3782.777,3808.542,0.0129322660459574,-0.7905378583069556,-0.4557248841942063,-0.6516707330106994,1.0988678712707804,0.0143299167728598,-0.0031632669270038605,0.014329916797578335
2025-05-07,3861.577,-0.66857119426189,3814.987,3831.627,0.0577392002591539,-0.7686687292603734,-0.3260569917405957,-0.5913401596865299,1.5074047391030736,0.0009454721640882,-0.0013790540397167206,0.0009454721584916115
2025-05-08,3820.548,-0.6621586174363373,3816.264,3852.896,-0.5541263654460226,-0.7421434171530695,-0.2158516332711687,-0.5195793759569539,1.8749917109767604,-0.0035342203705863,0.0010355077683925629,-0.003534220391884446
2025-05-09,3848.619,-0.6861518011351192,3836.535,3846.157,-0.6482453090083447,-0.7180747328654281,-0.1475543016214471,-0.4476094215736183,1.411079397242173,0.0096196787316378,0.0012518465518951416,0.009619678370654583
2025-05-12,3866.531,-0.6210763465772079,3859.035,3890.61,-0.0747269931443139,-0.6817429822698526,-0.0384532770426022,-0.3667725824198552,1.6402263175071343,0.0063890258239192,-0.0009044930338859558,0.0063890255987644196
2025-05-13,3915.592,-0.577439928638642,3890.686,3896.258,-0.1763117427544509,-0.6442392624392076,0.0834610409733552,-0.2761103781970715,1.7515099684777171,0.0114748931962267,0.0001068115234375,0.011474893428385258
2025-05-14,3894.839,-0.4985668135691396,3890.65,3943.211,0.2412606871580428,-0.6101348872678535,0.2434648263976539,-0.1694670199173658,1.893036110883742,-0.0060744502683105,0.0009241476655006409,-0.006074450444430113
2025-05-15,3934.027,-0.540798889470902,3904.907,3907.199,-0.3324113196804067,-0.5857890576112234,0.3303052365392039,-0.065637530254465,1.4443017447242428,-0.0082845903621651,0.00242798775434494,-0.00828459020704031
2025-05-16,3898.666,-0.5980468926011822,3874.862,3889.085,-0.6648745676818988,-0.5681144374465238,0.3462886263304643,0.0208337988806025,0.9355804138902364,-0.0046784548496062,0.0004913471639156342,-0.004678454715758562
2025-05-19,3882.568,-0.630108021301398,3866.57,3877.145,-0.9987829264979392,-0.5699262708943694,0.3276184850984267,0.0860302961473334,0.7269276810995503,0.0066617956762797,-0.0022910311818122864,0.006661795545369387
2025-05-20,3883.102,-0.584668779273086,3881.744,3898.171,-0.8933177332318997,-0.5713764419610801,0.3467616719487202,0.1422689156571016,0.94509448116488,0.0043870929475691,-0.003996305167675018,0.004387092776596546
2025-05-21,3899.437,-0.554545642583659,3899.437,3916.381,-0.8104214411457364,-0.5826062877955518,0.3825160806591651,0.1948828272545416,1.1406528554979185,-0.0014289954218184,-0.0036176592111587524,-0.0014289953978732228
2025-05-22,3912.601,-0.564400612826925,3903.09,3913.865,-0.8474973780354467,-0.5873410012467246,0.3974762232441426,0.2401635325944533,1.1530838541911337,0.0021746001804732,-0.002648238092660904,0.0021746002603322268
2025-05-23,3910.374,-0.5494250604319657,3882.274,3882.274,-0.633242984871384,-0.5775870337368255,0.4167197230626833,0.2804909057815316,1.18205641063462,-0.0119581305189733,-0.002203371375799179,-0.01195813063532114
2025-05-26,3875.789,-0.6319547310797944,3849.038,3860.107,-0.8136340826488287,-0.5779574999733917,0.357635216049379,0.300155696507398,0.5921254056962956,-0.0049189903455675,-0.0013922788202762604,-0.004918990191072226
2025-05-27,3857.627,-0.6654974406288369,3834.846,3839.397,-0.9999823953395212,-0.5941724409075144,0.2787840440768369,0.2990760709651156,0.047286909673739,-0.0040598339796178,-0.0020440779626369476,-0.004059833940118551
2025-05-28,3843.075,-0.6930453651082769,3833.958,3836.237,-1.1611990740587723,-0.6219567043415521,0.1903533391178191,0.2793585088065534,-0.1066890566044242,0.0052094481283913,-0.0026355385780334473,0.005209448281675577
2025-05-29,3838.009,-0.6578402656731676,3831.458,3858.7,-0.8327157058812188,-0.6407015211725307,0.1478545675850271,0.2545235117275168,0.1584130104763677,-0.0028885280884679,-0.0026081539690494537,-0.0028885281644761562
2025-05-30,3850.493,-0.6774624347824001,3829.254,3840.232,-0.778640982876162,-0.6663869454716488,0.0960190492150033,0.2236039263128229,-0.2376925561376139,0.0012133893707402,-0.0014178827404975891,0.0012133893324062228
2025-06-03,3833.458,-0.6692435230120093,3832.72,3852.013,-0.4452575828204803,-0.6738674053548631,0.0607200716433216,0.1913423421527422,-0.4377960530526632,0.0032516284674093,-0.0008773282170295715,0.0032516284845769405
2025-06-04,3855.488,-0.6471918421791082,3855.488,3868.743,-0.6919339115896294,-0.6701951411771881,0.0503364776360929,0.1633192414541441,-0.8231105605973656,0.0018777782565249,7.441267371177673e-05,0.001877778209745884
2025-06-05,3872.637,-0.6344158404992911,3861.272,3877.556,-0.5892990417002334,-0.6584335424746434,0.0518420799932956,0.1412217627313166,-0.5431300839038178,0.0016278084588869,0.0001431480050086975,0.0016278084367513657
2025-06-06,3878.103,-0.6233197829810005,3869.387,3873.984,-0.7902025621508992,-0.6515084297920611,0.0612418457990943,0.1255478561067325,-0.1412592717752483,0.0013359194704862,0.00038826465606689453,0.0013359194854274392
2025-06-09,3877.798,-0.6141985814519643,3871.992,3885.246,-0.3624103920944381,-0.6388171439559266,0.0750694057240967,0.1159568346691493,0.1494446061627768,0.0007202183917844,-0.0001401938498020172,0.0007202184060588479
2025-06-10,3887.551,-0.6092746071854236,3850.466,3865.465,-0.2059895104664648,-0.6267868515856047,0.0887017157320338,0.1111904931374497,-0.1701166071407341,0.0036315987578567,-7.458403706550598e-05,0.0036315987817943096
2025-06-11,3870.672,-0.584428285699284,3870.672,3894.625,-0.2591982010513539,-0.614195929701392,0.1186706150815024,0.1137669368184551,-0.2177624423457767,-0.0029578605848075,-0.0004246830940246582,-0.0029578604735434055
2025-06-12,3885.52,-0.6047385824065489,3870.384,3892.199,-0.4014007920290629,-0.6082424105042536,0.1233694190335931,0.1168298999024733,-0.2946312636382199,-0.0027899706695392,-0.000748850405216217,-0.0027899707201868296
2025-06-13,3881.492,-0.6238393895346181,3853.819,3864.182,0.2498062331287136,-0.6083466481525653,0.1092266837176137,0.1162649695623428,-0.5637700884694151,-0.0033400528648859,-0.0012370944023132324,-0.003340052906423807
2025-06-16,3853.619,-0.6466423933572087,3853.619,3873.795,-0.3449133099669335,-0.6148551623961195,0.0773900820464469,0.1090253050524333,-0.110824456056088,0.0010954111919756,-0.0006629116833209991,0.0010954111348837614
2025-06-17,3875.177,-0.6391888479968759,3860.409,3870.379,-0.5983498112665618,-0.6208562224125885,0.0573326115361639,0.0989572219699346,0.3176820094489444,0.0002396650256053,-0.0008437149226665497,0.00023966502340044826
2025-06-18,3871.65,-0.6375563003790925,3854.658,3874.971,-0.5107227230982004,-0.6315141697982151,0.0418689962588886,0.0876058365849088,0.7046055457832158,-0.0021649706055578,-0.0016647204756736755,-0.0021649706177413464
2025-06-19,3870.049,-0.6523071580481632,3834.951,3843.091,-0.4642228057535331,-0.6410568447777533,0.0164926116699779,0.0731143581307406,0.106755129552818,-0.0042507726036763,-0.0021486319601535797,-0.004250772763043642
2025-06-20,3839.783,-0.6812067617380261,3839.783,3846.644,-0.6691717815197514,-0.6525652445980832,-0.0281821303192864,0.0519963003995517,-0.0148841394212313,0.0028808654524332,-0.003142610192298889,0.0028808654751628637
2025-06-23,3831.17,-0.6617039617019222,3827.083,3857.902,-0.4047430131366868,-0.6555867277822455,-0.0470278419704077,0.0310838556954305,0.1241049869905305,0.0120405730700512,-0.0035679899156093597,0.012040573172271252
2025-06-24,3862.388,-0.579957211739612,3862.388,3904.034,0.0997083428227635,-0.6437043401831768,0.0065818142215786,0.0257837426029885,0.672311671138082,0.0124877432132275,-0.002679295837879181,0.01248774304986
2025-06-25,3907.068,-0.4941536687184863,3902.177,3960.066,0.4977484172652243,-0.6149365100203081,0.1197369692641495,0.0456688883532904,1.090081666462287,0.0003646193563169,-0.0005026906728744507,0.00036461936542764306
2025-06-26,3953.16,-0.4916170759145103,3945.259,3946.02,0.1277578749642095,-0.58270066512578,0.2086863798748689,0.0805414572772865,1.0503071956634704,0.0012059583067851,0.0016157403588294983,0.001205958309583366
2025-06-27,3949.788,-0.4832243768170657,3918.204,3921.758,0.6218407335964489,-0.5429836560396033,0.2825502241841017,0.1241876477243398,1.0468302139163497,-0.0072814525013837,0.001204323023557663,-0.007281452417373657
2025-06-30,3920.315,-0.5339597437516712,3911.604,3936.079,-0.2126403792465575,-0.5173570414947678,0.2943522463403237,0.1616208493181363,0.5471864086923508,0.001493264195844,0.0010123252868652344,0.0014932642225176096
2025-07-01,3935.908,-0.523630808070984,3924.722,3942.762,-0.4865481432354926,-0.5060574691252776,0.3084144366640484,0.1945655388115712,0.4641662318756807,0.0014933183317304,-0.0014605820178985596,0.0014933183556422591
2025-07-02,3943.323,-0.5132860735423829,3929.696,3943.685,-0.1806581593316954,-0.5098955979392852,0.3241003609078937,0.2242656066916547,0.699387850659862,0.0049284716272559,-0.00311177596449852,0.0049284715205430984
2025-07-03,3949.4,-0.4790938558013183,3945.138,3968.068,-0.2830352724252734,-0.5073833297532931,0.3608040121555523,0.2558510601682942,1.0457973599016015,0.0106334549966562,-0.002725590020418167,0.010633454658091068
2025-07-04,3967.464,-0.4049586396784806,3958.376,3982.203,-0.0094273714225974,-0.4916825339763837,0.4469282340098278,0.2994815311194269,1.5224764927546377,-0.0084955882733974,-0.002044942229986191,-0.008495587855577469
2025-07-07,3977.288,-0.4648187189972143,3956.566,3965.175,-0.4497827648451031,-0.4778122358208344,0.4588391077336063,0.3369253648066686,0.9909523005725388,0.0056589010158432,-0.0005661286413669586,0.005658900830894709
2025-07-08,3965.426,-0.4252847352336604,3965.426,3998.453,-0.0228472496262676,-0.458083147952593,0.4955126047779089,0.3746994019044016,1.114315486138336,0.0036164485695489,-0.0020438916981220245,0.0036164484918117523
2025-07-09,3997.504,-0.3998766769327993,3987.427,3991.401,0.2625506212515436,-0.4353322247459695,0.5393670200158058,0.4142686088478112,1.293118434004057,0.0040430766917376,-0.0015796013176441193,0.004043076653033495
2025-07-10,3993.42,-0.3713685335856952,3992.524,4010.024,0.8790228948115509,-0.4137215768948631,0.5909378346237162,0.4569191260085356,1.5808624382642158,0.008172362739937,-0.0002392791211605072,0.008172363042831421
2025-07-11,4011.465,-0.3135113970969521,4010.105,4014.807,1.7622706810099085,-0.3953764551004847,0.67248734260409,0.5084262963834045,1.655302754822258,-0.0076297202468702,0.0018807165324687958,-0.007629720028489828
2025-07-14,4021.214,-0.3679682704290858,4017.668,4017.668,0.847566106760311,-0.3759474026253558,0.6827578878343608,0.5518217634979403,1.0703801169646574,0.0019175101365083,0.003310125321149826,0.0019175101770088077
2025-07-15,4023.99,-0.3543865275056533,3994.263,4019.064,0.5624496816345772,-0.3617245980983206,0.693911615064589,0.588916166755336,0.8220576645833234,-0.0036609586220152,0.001409180462360382,-0.0036609587259590626
2025-07-16,4019.393,-0.3803668551865117,3993.921,4007.202,-0.1136760979226634,-0.3578107561276009,0.6725764815515479,0.6140429338433576,0.631188230258186,0.0016726015844157,-0.0007148608565330505,0.0016726015601307154
2025-07-17,4005.067,-0.3685405398090831,4005.067,4034.491,0.0590358749248159,-0.3572434356835806,0.6576173105678226,0.6309549786019862,0.6453911337870635,0.0074465980963636,-0.002681262791156769,0.007446598261594772
2025-07-18,4039.871,-0.3158004746169414,4039.318,4058.549,0.4808078059547287,-0.3577026447828986,0.6820070452797946,0.6496846259430687,1.1933574040439483,0.0052843574261718,-0.003126446157693863,0.005284357350319624
2025-07-21,4069.769,-0.2780956463563226,4063.443,4085.607,1.1069500567701072,-0.3396734053214123,0.7243859626816643,0.6737037376772542,1.2710211143829258,0.0080969291872945,-0.0015438459813594818,0.008096929639577866
2025-07-22,4087.335,-0.2200173259967827,4068.338,4118.958,1.6869832580190982,-0.3127177607606049,0.7973978622655435,0.7084855235620892,1.388714401667723,0.0088551131991099,-3.73348593711853e-05,0.008855112828314304
2025-07-23,4129.148,-0.1559863508287442,4113.909,4119.769,2.4119999681245083,-0.2677050565551468,0.8985512991984356,0.7578773630974907,1.45283219120549,-0.0007823031524579,0.0009324848651885986,-0.0007823031628504395
2025-07-24,4116.831,-0.1616932457808033,4111.885,4149.037,2.735167311483059,-0.2262096686717645,0.9623349278123698,0.8109898184130545,1.238619999212137,-0.0004643067776989,0.0006078667938709259,-0.0004643067659344524
2025-07-25,4145.32,-0.1650777100894987,4117.801,4127.163,1.957293815137991,-0.1959733554228863,0.998053704612628,0.8610952017564298,1.6937785560671563,-0.0010550538621982,-0.001275327056646347,-0.0010550539009273052
2025-07-28,4128.199,-0.1727647273134497,4112.968,4135.824,1.0983554432324054,-0.1748430459241326,1.0077825592061738,0.903253748134769,1.5318228642484408,0.0017392164240301,-0.00028604641556739807,0.0017392163863405585
2025-07-29,4132.683,-0.160106339279215,4117.577,4152.025,1.2343399366402013,-0.1628243746429816,1.0140364465365783,0.938313944810048,1.4979335247311054,0.0076745628990322,-0.0008820444345474243,0.007674562744796276
2025-07-30,4148.941,-0.1041520862503399,4127.43,4151.238,1.5561374770858072,-0.1524259649154815,1.0536697631857102,0.974812120411934,1.5685643748526388,-0.0103655590668656,-0.0022711530327796936,-0.010365558788180351
2025-07-31,4141.561,-0.180306044051083,4063.666,4075.591,1.84733858466118,-0.1561598560811782,1.0086283367008049,0.9944076069855852,0.7692223001373908,-0.0136340897150626,-0.0027847476303577423,-0.0136340893805027
2025-08-01,4069.925,-0.2794350375739243,4040.462,4054.929,0.6499551146780687,-0.1791009425651244,0.8785641852728142,0.982353678731998,0.4806066435758601,-0.0035864701076087,-0.0045156218111515045,-0.0035864701494574547
2025-08-04,4037.938,-0.3051555619779731,4037.938,4070.702,0.0763862781441267,-0.2056597093230707,0.7447010238174406,0.9441702509726848,0.2762178585790203,0.0087441920337081,-0.0044728294014930725,0.0087441923096776
2025-08-05,4080.388,-0.2426711184779645,4075.584,4103.45,0.3564650490317232,-0.2222229307780685,0.6830812826369341,0.9004858765336499,0.6701422576544046,0.0025356178571593,-0.004731759428977966,0.002535617910325527
2025-08-06,4100.428,-0.2243936068689712,4098.354,4113.485,0.3197008027098568,-0.2463444381982998,0.6418302925880703,0.8567434627866095,0.6925748326817032,0.0031649067252508,-0.003761161118745804,0.0031649067532271147
2025-08-07,4120.282,-0.2015221413720853,4094.821,4114.666,0.6908460380078834,-0.2506005740682049,0.6208460239251774,0.8172755823847716,0.5842901534059647,-0.0018228759306281,-0.0031021609902381897,-0.0018228759290650487
2025-08-08,4109.273,-0.2147369999384033,4097.416,4104.967,0.2604791893024567,-0.2376215782365615,0.585829623799626,0.7782356091378849,0.3528458371692415,0.002919793023645,-0.0023552365601062775,0.002919793128967285
2025-08-11,4110.294,-0.1936086739946999,4103.605,4122.511,0.5523250183500048,-0.2152442906544621,0.568911814392998,0.7433966702726064,0.1763347854559057,0.0046076116418809,-0.002438858151435852,0.0046076118014752865
2025-08-12,4123.576,-0.1601695346708712,4121.224,4143.825,0.3300358786708188,-0.198693746751286,0.5766521664628262,0.7171758003546989,0.008636735877268,0.0080545687219424,-0.0021088942885398865,0.00805456843227148
2025-08-13,4150.504,-0.1014452169744028,4147.199,4176.578,0.9492465415054672,-0.1740292175280255,0.624748889113052,0.7064535625147713,0.3457879297910676,0.0080164843931376,-0.001942470669746399,0.008016484789550304
2025-08-14,4179.965,-0.0425278022478729,4165.938,4173.313,1.0703710472724002,-0.142133553607379,0.7040770706117869,0.7147889311455552,0.6069551972185538,-0.0013226513401498,-0.0008504018187522888,-0.001322651281952858
2025-08-15,4162.421,-0.0523265988096658,4157.495,4202.353,1.7500171882124735,-0.1095525975799289,0.7495586288001173,0.731154118204392,0.5949668693123912,0.013816072160274,-0.00018654391169548035,0.01381607260555029
2025-08-18,4218.247,0.0498937026216882,4203.419,4239.413,2.4284394279067203,-0.0607038774857663,0.8615946770132757,0.7681329049892714,0.8795612744762966,-0.0020430802066951,-0.0003398023545742035,-0.002043080283328891
2025-08-19,4241.765,0.0345688201450731,4215.208,4223.374,1.5724548593295211,-0.0216376493930998,0.9262899961284116,0.8115092950083832,0.6289821524186399,0.0018563726628253,-0.0009035617113113403,0.0018563726916909218
2025-08-20,4208.401,0.0484647845992405,4190.556,4271.396,1.4991745769336131,0.0084356164531831,0.9775714499051033,0.857143865475658,1.1261865041390255,0.0084971346953031,-0.0015532299876213074,0.008497134782373905
2025-08-21,4284.371,0.1121885599467296,4273.652,4288.071,1.7111964971770424,0.0394730805463451,1.0593896862248884,0.911095572700932,2.031962462018546,0.0162334595272959,-0.001573074609041214,0.01623345911502838
2025-08-22,4287.363,0.2349649179417897,4287.363,4377.998,2.2418305198006294,0.0971062875902694,1.2135381780892414,0.987122155964536,2.3561381652690443,0.0215296131818378,-0.0004878491163253784,0.021529613062739372
2025-08-25,4416.292,0.4004402955658502,4404.776,4469.222,3.3849681216731557,0.1674290196992382,1.458273588819594,1.100122217205577,2.40332997960563,0.0009278609362273,-0.0007252395153045654,0.0009278609650209546
2025-08-26,4453.353,0.4077253198817659,4435.528,4452.591,1.9070507892561632,0.2422874981266234,1.6390262306281531,1.2290596194471335,2.3989468427190817,0.0040452975035978,-0.004330504685640335,0.0040452973917126656
2025-08-27,4458.84,0.4395161127398964,4386.127,4386.127,2.963296116811087,0.3207358366448444,1.788064381676028,1.36398520889868,2.402513602333815,-0.0066986836007726,-0.0028147809207439423,-0.0066986833699047565
2025-08-28,4378.035,0.3866601893297188,4364.171,4463.782,2.349962308921092,0.3757972614400556,1.8398350930078369,1.4829634510317284,2.139618088558336,0.0116549375190797,-0.0053459592163562775,0.011654937639832497
2025-08-29,4455.803,0.4780073725411254,4452.363,4496.759,3.281036475738827,0.4245537171292931,1.9352893585811275,1.5984973641694564,2.1859741637065886,0.0025004206480636,-0.005535300821065903,0.002500420669093728
2025-09-01,4516.879,0.4978331712456935,4487.53,4523.711,2.7475747149099994,0.4440915852575586,2.004125449531043,1.7056006882149335,2.177612093190102,0.0045846699766394,-0.007833480834960938,0.004584670066833496
2025-09-02,4521.983,0.5342758471007354,4454.417,4490.453,2.469894493085029,0.4694787349346517,2.0652056189104853,1.8043059403180937,2.1633049153021813,-0.0083897316578492,-0.0067435577511787415,-0.008389731869101524
2025-09-03,4501.339,0.4672817102350404,4427.518,4459.83,1.6316171996566375,0.4750487581891844,2.033092744528664,1.8764235190605552,1.7240967938488247,-0.0100278668862909,-0.005568120628595352,-0.010027866810560226
2025-09-04,4461.25,0.3878784560466463,4327.507,4365.209,2.5375151932099924,0.4752931532159697,1.917963645533244,1.90957149125994,1.3762757388937013,0.0002380474110721,-0.004776060581207275,0.00023804741795174778
2025-09-05,4365.608,0.3897444755280486,4350.297,4460.325,1.5522953547942386,0.4575868391717159,1.807005002523844,1.9124329399761577,1.2053645837780356,0.0036276239432582,-0.0061275772750377655,0.0036276238970458508
2025-09-08,4467.169,0.4181876680559493,4438.07,4467.573,1.8566481755056687,0.4416092501800349,1.7227832523908309,1.89676560711794,1.334166161380929,-0.0023802284439307,-0.00468074157834053,-0.00238022836856544
2025-09-09,4448.739,0.3994572561400873,4412.691,4436.258,1.074964626511672,0.4145634541396062,1.62105593942703,1.8625429768083115,1.2161788841771797,-0.0012209048425424,-0.0036640875041484833,-0.001220904872752726
2025-09-10,4438.3,0.3898726217389058,4414.594,4445.365,0.7745809901111186,0.3990345096207247,1.5144139308896716,1.812428271241606,1.0381954879543376,0.0182244657217192,-0.002894405275583267,0.01822446659207344
2025-09-11,4438.839,0.5327679348387173,4427.924,4548.035,1.613771643182561,0.42810061440562,1.5325321040390454,1.7761993905164837,1.0822245041036187,0.0036569639415704,-0.00296127051115036,0.003656964050605893
2025-09-12,4544.591,0.5619642057838555,4517.79,4521.998,1.8364335037505672,0.4626494081991665,1.5531959991516229,1.7516219301221638,0.7278076292114994,0.0004902876814452,-0.002562265843153,0.0004902876680716872
2025-09-15,4534.887,0.5658928526318112,4522.496,4533.056,1.2525509991783317,0.4922803683485611,1.5545080788679075,1.7322397036628217,0.7170914454517054,-0.0031719512448802,-0.002523336559534073,-0.003171951277181506
2025-09-16,4539.922,0.5404637292003986,4494.788,4523.337,1.546272564389377,0.5205675080048574,1.5161154112494852,1.708548416715914,0.4741425206801668,0.0007932046676721,-0.001976914703845978,0.0007932046428322792
2025-09-17,4517.286,0.5468025780690186,4503.796,4551.023,1.3172781828478997,0.5520490385659962,1.4735943740949615,1.680529692666013,0.7909991153955566,0.003907568650777,-0.0019889436662197113,0.0039075687527656555
2025-09-18,4546.032,0.5780544546705262,4454.989,4498.109,2.5700447091178638,0.5611339130630868,1.4491380089018877,1.6529004959452571,0.5633935403828403,-0.0089074087313638,-0.0014577172696590424,-0.008907408453524113
2025-09-19,4499.091,0.5065365810187804,4491.844,4501.92,1.136950278149207,0.5500146436528359,1.3532505088712694,1.6103534514178404,0.0747083694803739,-0.0020343730063275,-0.0022860802710056305,-0.002034373115748167
2025-09-22,4512.025,0.4903480281895326,4487.13,4522.608,0.6539786889676896,0.5348596869126939,1.248718259933918,1.554029025611955,-0.1862839913921864,0.0081483331749143,-0.001963462680578232,0.008148333057761192
2025-09-23,4536.757,0.5550565983903294,4459.728,4519.778,1.6063880388267588,0.5377871449208468,1.2061930273115462,1.4999028959804694,0.4726921065484156,0.0014828759944676,-0.0018999986350536346,0.001482876017689705
2025-09-24,4495.266,0.5669285548839538,4494.113,4566.071,1.0598785124074572,0.5418245930218278,1.1685889592743723,1.4485846198095853,1.061198355917954,0.0101705639524509,-0.0013370253145694733,0.01017056405544281
2025-09-25,4563.983,0.6484751861060196,4558.842,4593.488,1.217704493831133,0.5559516116017645,1.1934815174237805,1.4128372148397912,1.300219705623909,-0.0034898521851888,-0.000880412757396698,-0.0034898521844297647
2025-09-26,4576.914,0.6202092917602646,4550.049,4550.049,0.8571116240643222,0.578755357940977,1.1753077534090075,1.3803645548894854,1.022765576099209,0.0108141919467961,-0.0012227818369865417,0.010814191773533821
2025-09-29,4555.034,0.707492660202673,4541.425,4620.053,1.9702013225074173,0.6223164824628542,1.220139901912912,1.363944861741076,1.3726021404085769,-1.4200972594635708e-05,-0.002341531217098236,-1.4200972145772539e-05
2025-09-30,4629.899,0.7073768019846354,4616.224,4640.694,1.524495502900043,0.6528732560494478,1.2408035914463338,1.3552147075776393,1.4355571447097175,0.0169643785060495,-0.0025308355689048767,0.016964377835392952
2025-10-09,4662.113,0.8457782205666777,4651.99,4709.482,3.209052952491306,0.7088129534625268,1.358026159875049,1.3732230130327705,1.4261297419772927,-0.0071427286835811,-0.002296440303325653,-0.0071427286602556705
2025-10-10,4679.498,0.7865167420411313,4600.965,4616.834,2.724835192417493,0.7365053046458581,1.3844190775266283,1.3932567573973311,0.9843967260945884,-0.0193451968701267,-0.004608683288097382,-0.019345195963978767
2025-10-13,4490.866,0.6271607848424403,4490.866,4593.979,2.657070837865912,0.7378998353462414,1.2557204784919138,1.381844577870616,0.2408644207999244,0.0086144421093714,-0.0055128782987594604,0.008614442311227322
2025-10-14,4634.054,0.6967494436211276,4520.926,4539.064,3.6361187738661136,0.7357446515365588,1.198258962413148,1.360463756084201,0.535046018446214,-0.0070290549352153,-0.006023231893777847,-0.007029055152088404
2025-10-15,4544.243,0.6394786199327495,4526.834,4606.288,2.146144675126528,0.7221236785668355,1.0912750106082707,1.3205495933477234,0.3133585396835555,0.0078701204472115,-0.007028535008430481,0.007870119996368885
2025-10-16,4588.921,0.7031514878814037,4586.28,4618.422,1.5288068084565265,0.6935115005679995,1.0477578346094891,1.279340186959643,0.3979764714633312,-0.0057122608445551,-0.004155740141868591,-0.0057122609578073025
2025-10-17,4610.697,0.6565729733757362,4509.329,4514.235,1.6753015274120069,0.6674436367889254,0.9623473628596008,1.2281627287160757,0.4831143686902007,-0.0104196934024053,-0.0027516745030879974,-0.010419693775475025
2025-10-20,4558.242,0.5720947781518437,4520.502,4538.22,1.025034406369666,0.6563969111474345,0.8134230523672349,1.1554693658298991,0.2605986363597918,0.0098513534151429,-0.0028603561222553253,0.009851353242993355
2025-10-21,4556.122,0.6511329034106698,4547.928,4607.872,0.9792577794319856,0.6472458316574996,0.753050540046696,1.0844429586235989,0.2965489885021762,-0.002594539269408,-0.003051217645406723,-0.0025945391971617937
2025-10-22,4576.028,0.6301116585472737,4567.236,4592.57,0.4659877955396217,0.6453667367541566,0.6791456449592868,1.0118649453226636,0.2046517849111903,0.0017058804106799,-0.003261622041463852,0.0017058803932741284
2025-10-23,4578.702,0.6438970310660427,4541.694,4606.345,0.721631796666195,0.6334797711502629,0.6245612487377477,0.9421648726371984,0.0195037561761853,0.0107003580953999,-0.0034130550920963287,0.01070035807788372
2025-10-24,4622.787,0.730515092468514,4622.787,4660.684,0.8627275118695842,0.6483132110900419,0.6465870048781502,0.8911008141514587,0.3356815399343243,0.0128189338732254,-0.003391161561012268,0.012818933464586735
2025-10-27,4699.382,0.8353931112045183,4687.688,4716.019,1.764769696929823,0.7011331742923382,0.7436399615689385,0.870941735612266,0.3777034118141336,0.0029431646996491,-0.002844814211130142,0.0029431646689772606
2025-10-28,4697.728,0.8597812661011508,4679.229,4691.973,1.0670432727108543,0.7429898724026385,0.8311204402340845,0.8734657415809377,0.4338764275823895,0.0028548966462356,-0.0028027519583702087,0.0028548967093229294
2025-10-29,4701.036,0.8835076248129392,4697.268,4747.838,1.4946049232022325,0.7938233336653253,0.9095512617179392,0.8922067836848816,0.1448887876591198,0.0029478680612102,-0.0026046670973300934,0.0029478680808097124
2025-10-30,4735.981,0.9080765887468104,4706.452,4709.911,1.9521260912955136,0.8468200782846909,0.980702085441797,0.9223693233283412,0.4083375854655182,-0.0116959138012789,-0.003230329602956772,-0.011695913970470428
2025-10-31,4702.495,0.8103098069996686,4640.668,4640.668,2.0902658573092863,0.8628276003848425,0.9431281101324532,0.9384883984951614,0.6422598274163726,-0.0112059989715562,-0.0035584792494773865,-0.011205999180674553
2025-11-03,4636.732,0.7177338245060595,4595.734,4653.403,1.3874552288703728,0.8392241118182119,0.8251359407350602,0.9262271471267464,0.1007425664573115,0.0025615662344309,-0.0036714114248752594,0.00256156618706882
2025-11-04,4649.348,0.7386585208544264,4595.066,4618.699,1.275164557926962,0.8149258229809146,0.7403113575341722,0.8983331272224377,0.3684970567323088,-0.0048684732011053,-0.003685232251882553,-0.004868473391979933
2025-11-05,4562.112,0.6987874950020382,4558.765,4627.257,0.7652578989270779,0.7778693390061995,0.6316452341328713,0.8528497587243761,0.0176490678641167,0.011951036162848,-0.0033708103001117706,0.01195103581994772
2025-11-06,4642.011,0.7961856369645206,4642.011,4693.403,1.1233824875895488,0.7554230291975136,0.6202251843253742,0.8140282530753299,0.4895806478150226,0.000698155464748,-0.003415152430534363,0.000698155490681529
2025-11-07,4673.762,0.801943439315413,4666.041,4678.794,0.924955696515783,0.7537446621980127,0.6085606568688701,0.7804841138669343,0.8655845426554075,-0.0013176998894365,-0.003153972327709198,-0.0013176999054849148
2025-11-10,4688.124,0.7910685656679192,4654.21,4695.051,1.3225210456265293,0.7684562567786155,0.582941085882875,0.7481865838167768,0.5918744048300043,0.0025449508953758,-0.002849295735359192,0.0025449509266763926
2025-11-11,4706.337,0.8120441694151194,4648.49,4652.166,0.4880360634746901,0.7831780638315189,0.573290784529901,0.7202910680106931,0.7596875207498301,-0.0079711025491552,-0.0034539178013801575,-0.007971102371811867
2025-11-12,4643.559,0.7461787724615067,4620.99,4645.908,0.8736445217410523,0.7926851712351147,0.5037072282560203,0.6831390985429878,0.4117745390663564,0.0072560710141131,-0.0033556222915649414,0.007256071083247662
2025-11-13,4643.786,0.8056579240027573,4643.786,4702.074,0.8382780590108508,0.7945853953914933,0.4926844785220525,0.6510674184501847,0.3222038429850963,-0.0040888786837007,-0.0037439316511154175,-0.004088878631591797
2025-11-14,4663.318,0.7718975414380098,4628.024,4628.14,0.5801867453924329,0.7885579238087279,0.4497676429816991,0.6162599937188213,-0.2397372091551051,-0.0126722311196351,-0.00359383225440979,-0.012672231532633305
2025-11-17,4616.806,0.6676953623072175,4580.261,4598.053,0.5271787350739437,0.7638081732648923,0.3234982453713449,0.561492796620282,-0.697497939194783,-0.0039527358224981,-0.0034912750124931335,-0.003952736034989357
2025-11-18,4584.79,0.6356043913387198,4552.804,4568.193,0.3372230268965012,0.7284128007330305,0.1936112766100947,0.4899864976459279,-0.898568455215091,0.0002704804849198,-0.0029085539281368256,0.00027048049378208816
2025-11-19,4568.037,0.6377916540610409,4568.037,4588.292,0.2563188036869924,0.7066693907420135,0.0910093347052975,0.4109062192465495,-1.0159067308835517,0.0027756901626632,-0.0019895359873771667,0.0027756900526583195
2025-11-20,4619.54,0.660243572374431,4560.181,4564.948,0.6219198094276144,0.677497991846155,0.027884715512109,0.3341835168932299,-0.6215048169089302,-0.0202588248890362,-0.0012445524334907532,-0.0202588252723217
2025-11-21,4513.386,0.495919755220549,4453.182,4453.608,1.099896374354334,0.6221344187325281,-0.1596402208566965,0.2328241152152341,-0.8323392672673653,-0.0106550764693251,-0.0008122622966766357,-0.010655076242983341
2025-11-24,4473.156,0.4112449521115039,4421.812,4448.048,0.4744321649981091,0.5706882091317943,-0.375946822103021,0.1056189614064232,-1.1348015721211238,0.0071369435796311,-0.0008142329752445221,0.0071369437500834465
2025-11-25,4475.836,0.4673571936195196,4467.353,4490.405,0.199663927552351,0.5369363403319254,-0.4947119956877981,-0.0214664814414732,-0.7748544431709394,0.0060661443171714,-0.0008534826338291168,0.006066144444048405
2025-11-26,4490.202,0.5153909575608255,4485.698,4517.626,-0.026269256219952,0.5123816832244554,-0.542451858739199,-0.133313209590564,-1.0152076503501763,0.0046455196582912,-0.0011192671954631805,0.004645519889891148
2025-11-27,4520.014,0.5523988810856792,4509.864,4515.403,-0.1257661842322348,0.4907470888865736,-0.5432130435955831,-0.2229528804692463,-0.8593377100857211,-0.0060308588007855,-0.0016831457614898682,-0.006030858960002661
2025-11-28,4511.497,0.5041316452807552,4492.426,4526.662,-0.2509641090968952,0.4923944663149546,-0.5784054187630523,-0.3021678048430358,-0.9438128597715196,0.0099836221198035,-0.0020870640873908997,0.009983622469007969
2025-12-01,4539.188,0.5835524537446114,4531.292,4576.486,0.7202530385843361,0.5269608678193666,-0.5334906929354049,-0.3559637036382037,-0.6906225966312957,-0.0003211735287467,-0.002435583621263504,-0.00032117351656779647
2025-12-02,4571.91,0.5809719752519852,4539.431,4554.335,-0.1564949170507637,0.549752993069408,-0.4948370768005622,-0.3907592813863079,-0.5329746817159527,-0.001240084406168,-0.0021671243011951447,-0.0012400844134390354
2025-12-03,4554.589,0.571011679355959,4523.502,4531.049,0.2028888190506559,0.560910999443555,-0.4676951473297678,-0.4128089505763894,-0.8257013878189491,-0.0027130165492259,-0.002437993884086609,-0.002713016467168927
2025-12-04,4533.6,0.549247888640602,4514.188,4546.566,-0.1783763147062189,0.5602788826235593,-0.4597433542519619,-0.4287533244901153,-0.7955113562264021,0.0079880669404619,-0.0027724653482437134,0.007988067343831062
2025-12-05,4547.906,0.613154228452876,4535.02,4584.537,0.65972371706731,0.5821497724412273,-0.395340671169241,-0.427777854472921,-0.1822009536924297,0.0101871467542973,-0.0029461458325386047,0.010187147185206413
2025-12-08,4593.14,0.6953047267507673,4592.741,4621.755,0.7073892425771372,0.6045682620667472,-0.2722012091234735,-0.4007435388197013,0.2519996658479652,-0.0025688344632814,-0.0026853829622268677,-0.002568834461271763
2025-12-09,4611.379,0.674378274974854,4584.254,4598.223,0.4461577398411049,0.6233063879675976,-0.1905659370468177,-0.3617110443232116,0.1637710824108564,-0.0065175896930134,-0.0027169883251190186,-0.006517589557915926
2025-12-10,4586.254,0.6214205367670083,4549.08,4591.827,0.1918776109401392,0.6334188484706755,-0.1691403206846305,-0.325917001819155,-0.1005265073621158,0.002553420794483,-0.0033709555864334106,0.002553420839831233
2025-12-11,4597.19,0.6420327670121867,4547.137,4552.185,0.1801902537835225,0.6520323117786123,-0.1336647235773525,-0.289718195832931,0.649786243983014,-0.0057705835156615,-0.004125412553548813,-0.005770583637058735
2025-12-12,4558.738,0.5953313725782978,4530.784,4580.95,0.9305170760664851,0.6484568900106866,-0.1438254305128474,-0.2629254637933093,0.8601049451628179,0.0024807605251244,-0.0038087964057922363,0.0024807604495435953
2025-12-15,4550.003,0.6152923392039086,4548.438,4552.06,0.1661756171915994,0.632405700787595,-0.1339295656534277,-0.2393814310469401,0.7410128198102451,-0.0091326615663913,-0.0035505108535289764,-0.00913266185671091
2025-12-16,4542.423,0.5416258222358536,4484.27,4497.555,0.1252054490651681,0.6057743902608936,-0.1866574386748699,-0.2317880470068924,0.1529084910497286,0.0091311795243704,-0.0037834011018276215,0.009131179191172123
2025-12-17,4499.773,0.6146077224609665,4498.93,4579.875,0.3492473687490075,0.6044076797436747,-0.1653253570424456,-0.2211652349329342,0.3008710891604179,-0.004937910476867,-0.00456676259636879,-0.004937910474836826
2025-12-18,4553.979,0.5747805822972293,4544.142,4552.793,-0.1026254194827444,0.5909162995259055,-0.1804629919293025,-0.2158944035684494,0.3414595360689926,0.0041831001441829,-0.004131823778152466,0.0041831000708043575
2025-12-19,4561.373,0.6083531341145543,4546.847,4568.178,-0.0486427826485961,0.5935285795096015,-0.1626765676294133,-0.2078855852368415,0.150047338448369,0.0053971897323796,-0.0037282928824424744,0.005397189874202013
2025-12-22,4587.668,0.6518508732769863,4587.668,4611.624,0.1266865157277336,0.6008625432384328,-0.1110052422704814,-0.1904619495785318,0.3449977353596752,0.0062096609264727,-0.003594662994146347,0.006209660787135363
2025-12-23,4616.026,0.7021666930280961,4607.799,4620.734,0.1943327803254651,0.6330684550244942,-0.0276783280774097,-0.1587573326492063,0.5741700717001749,-0.0010995718624146,-0.003096930682659149,-0.001099571818485856
2025-12-24,4623.683,0.6932017245506541,4602.144,4634.059,-0.0683269028869044,0.6488351036400324,0.0299718880211916,-0.1211023291673265,0.6390611745873452,0.0025274667480561,-0.002642538398504257,0.002527466742321849
2025-12-25,4629.32,0.713785867955097,4621.921,4642.536,-0.3095598068868397,0.6767207874886443,0.091536030521048,-0.0778525480627174,0.4879227793224329,0.005370065149423,-0.0027005821466445923,0.005370065104216337
2025-12-26,4639.79,0.7576311817716368,4635.105,4657.24,0.2980801525387062,0.7066672778167121,0.1748995233405414,-0.0254792160330883,0.3343966325873954,-0.0008759378212459,-0.0031939707696437836,-0.0008759378106333315
2025-12-29,4658.265,0.7504409505432039,4629.057,4639.372,0.7205033777968461,0.7264453151211536,0.231752593183006,0.0285408040221256,0.4103019450642619,-0.0016489602496555,-0.0031351298093795776,-0.001648960285820067
2025-12-30,4617.316,0.7369171367287902,4616.632,4651.282,0.3821980648371048,0.7334165600061968,0.2618958470546717,0.0781835102153055,0.6516058109523121,0.000582291436864,-0.0026889294385910034,0.0005822914536111057
2025-12-31,4656.48,0.7416848779437358,4622.099,4629.94,0.2197420076366963,0.7431427073329314,0.2860515007928643,0.1230477794878187,0.5843692564036566,0.0116971181134453,-0.0022554658353328705,0.011697118170559406
2026-01-05,4661.616,0.8375154231076367,4661.616,4717.746,1.2907230149500293,0.7679639451828746,0.38132277595968,0.1792514998814245,1.2485779263809984,0.014625432953564,-0.002491060644388199,0.014625432901084423
2026-01-06,4719.209,0.9587382277244846,4718.01,4790.694,2.352262773539292,0.8083077887757886,0.5524406782890595,0.2606976555471944,1.4796885208653148,0.0024858611299323,-0.0019189193844795227,0.0024858610704541206
2026-01-07,4796.934,0.9796436143698448,4751.071,4776.666,1.7123040657097122,0.8542878606160843,0.6972183403046057,0.356721890498027,2.0468023559001995,-0.0077285172228477,-0.0027851052582263947,-0.007728517055511475
2026-01-08,4761.011,0.9144874101448168,4717.009,4737.654,1.3694629090053767,0.8899100204638644,0.7478055970385434,0.4443267306829789,1.4306255929076264,0.0012468822697202,-0.0017464086413383484,0.0012468822533264756
2026-01-09,4725.957,0.924918160623172,4719.134,4758.922,1.6378321037795227,0.9266682298165536,0.7871725850780015,0.5228038385216349,1.753752894241003,0.0051357790581771,-0.0031740590929985046,0.005135779269039631
2026-01-12,4769.65,0.9679349126379984,4737.57,4789.916,2.31614605351609,0.9528315273885052,0.8445254079205078,0.5978134290244331,1.769781781025885,0.0085534973069889,-0.0036624260246753693,0.00855349749326706
2026-01-13,4798.049,1.0399460614301712,4745.515,4761.032,2.4279392056884186,0.9691225336335564,0.93954062464803,0.6780788134821931,1.814995992311897,-0.0038979068442853,-0.004994545131921768,-0.0038979067467153072
2026-01-14,4767.696,1.0068492304778127,4720.246,4741.931,3.500895604988372,0.9745802196927804,0.9751639807958818,0.7498861959863867,1.47494606722043,-0.0100772067667322,-0.005730591714382172,-0.010077206417918205
2026-01-15,4721.797,0.9216179568366843,4720.937,4751.429,1.626268074505743,0.976010670123326,0.9202914958207226,0.7956330180042211,0.9845015199182068,0.0048228888775205,-0.009702932089567184,0.004822888877242804
2026-01-16,4778.43,0.9619980566774138,4715.365,4731.873,2.8305742786799413,0.9834492236546846,0.900090053221045,0.8279234285855489,1.0357982590731365,-0.0064514702086635,-0.0067048221826553345,-0.0064514703117311
2026-01-19,4720.195,0.9077219923825172,4715.087,4734.456,1.8562107239524912,0.9713699818481626,0.8281984937394334,0.8384281225794155,0.629848373956888,-0.0028145812192122,-0.007757898420095444,-0.0028145811520516872
2026-01-20,4736.91,0.8841957524109725,4684.968,4718.878,2.111468301092151,0.940125098921028,0.7423194194811221,0.828522036279239,0.5521564487387028,0.0021163675727589,-0.0062066614627838135,0.0021163676865398884
2026-01-21,4714.554,0.9018360438207674,4714.237,4723.069,1.834935270198159,0.9190585293356006,0.6808543600155248,0.8074925139107758,0.6693114517452192,-0.0001082324092387,-0.005758706480264664,-0.00010823240882018581
2026-01-22,4741.755,0.9009319986345748,4700.448,4723.709,1.9675157011431887,0.9149087440393094,0.6237239433024736,0.7784884098660461,0.6508969193657311,-0.0048278981471128,-0.004806313663721085,-0.004827897995710373
2026-01-23,4729.585,0.8606098279028642,4684.617,4702.497,2.6507361710312107,0.8945693729125422,0.537707233267075,0.7369459405096073,0.1304258565170806,0.0040939479098773,-0.0047027841210365295,0.004093947820365429
2026-01-26,4715.375,0.8946370354546044,4693.158,4706.964,3.4680057702558,0.8919444153770246,0.4921572027678764,0.6940004742364159,-0.2815186706286899,-0.0036161876984832,-0.006034407764673233,-0.00361618772149086
2026-01-27,4705.174,0.8644577250837049,4675.641,4705.692,2.428381895170584,0.8879847933580571,0.4251870368285591,0.6453657320825302,-0.5225515117494548,0.0005573164032994,-0.007620468735694885,0.000557316408958286
2026-01-28,4725.601,0.8690920538051558,4697.906,4717.991,3.7932832048586738,0.8814160607433507,0.3712843448640217,0.5949656190189683,-0.2130739499689584,0.0066110701561683,-0.005148489028215408,0.00661107013002038
2026-01-29,4733.088,0.9240966205316424,4696.054,4753.87,4.355219260076739,0.8860630877944264,0.3703177955236397,0.5544394554895183,0.0287991348257166,-0.0067259000285058,-0.006358213722705841,-0.006725899875164032
2026-01-30,4723.081,0.8677667060079226,4645.471,4706.34,2.7377717280514373,0.8874988205382286,0.3178176289816911,0.5108252306515518,-0.4524600043455846,-0.0046981654491122,-0.00851605087518692,-0.004698165226727724
2026-02-02,4674.276,0.828683867123691,4601.76,4605.98,2.484103372359661,0.8742680344412384,0.2399501687254097,0.4593321248398474,-1.0562317328017996,-0.011550888170246,-0.005382105708122253,-0.011550888419151306
2026-02-03,4648.357,0.7330464189898517,4578.209,4660.107,1.821351681368813,0.8479057697365296,0.0958446303137469,0.3874136298341114,-1.2256971811338813,0.0084405698172893,-0.0037684589624404907,0.00844056997448206
2026-02-04,4647.967,0.8021242483526515,4641.842,4698.683,1.810058486816775,0.8344714385019582,0.0391033159788774,0.3177813062225085,-0.5322071190264789,-0.0030747784153788,-0.0019557178020477295,-0.003074778476729989
2026-02-05,4664.748,0.7767477877476185,4639.43,4670.419,1.3534347449244957,0.8049119656586711,-0.0274592108281462,0.2478839888680891,-0.8672423269212342,-0.0018687776308234,-0.0018087886273860931,-0.0018687776755541563
2026-02-06,4622.975,0.7613719978721701,4606.638,4643.596,0.7596922783435504,0.783568250704252,-0.0926024145769641,0.1780772831840875,-0.7327758713153408,0.0089139941285887,-0.002179659903049469,0.008913993835449219
2026-02-09,4693.672,0.8345768373956262,4679.904,4719.056,0.8363258997737718,0.7847504324116221,-0.0818830325413028,0.1245173436684818,-0.2035497214562741,0.0025684517932764,-0.002545870840549469,0.002568451687693596
2026-02-10,4718.255,0.8558578855358326,4713.868,4724.296,0.4941543024629392,0.8093874936059345,-0.0552311053156896,0.087351714172985,-0.1847787122275074,-0.0017715227974466,-0.003216516226530075,-0.0017715228023007512
2026-02-11,4715.67,0.8411421364176804,4703.687,4713.819,0.2642045395706952,0.8172148253931576,-0.0464750955471072,0.059486034973315,-0.2433547785420567,0.0004951622709636,-0.003976613283157349,0.0004951622686348855
2026-02-12,4720.009,0.8452480814477835,4707.736,4719.578,0.677320978810836,0.8309565872594034,-0.0361145547914584,0.039402409917363,-0.0428708523171446,-0.0047418104321098,-0.004531174898147583,-0.0047418102622032166
2026-02-13,4693.411,0.8059089501418358,4658.404,4660.406,0.5307657026376427,0.8398910919057189,-0.0609128876393971,0.018048383203921,-0.4003675056600584,0.0050471624805761,-0.004570666700601578,0.005047162529081106
2026-02-24,4727.296,0.8475828000839687,4698.349,4707.544,1.0261915662622654,0.842500202501461,-0.0452892290552299,0.0042962027732673,-0.0478119049835775,0.0082891703277909,-0.004519332200288773,0.008289170451462269
2026-02-25,4713.575,0.9163709839016796,4713.344,4735.886,2.13763724776165,0.8546396626791343,0.0244797815560399,0.00816955502948,0.2355216793581693,-0.0051213044882062,-0.004060886800289154,-0.005121304653584957
2026-02-26,4741.39,0.8735192420761776,4706.694,4726.874,1.3025979913436674,0.8611347950624333,0.0426012623434997,0.0151318257674184,-0.1882427526379864,-0.0044566302021784,-0.0044303759932518005,-0.004456629976630211
2026-02-27,4698.3,0.8364200363189306,4692.891,4710.647,1.751593618975701,0.8593638115037909,0.0248578265534588,0.0169186544797215,-0.1086522082325231,0.0030484976320763,-0.004250716418027878,0.0030484977178275585
2026-03-02,4681.014,0.8616841495610188,4667.275,4728.669,3.235784233078971,0.8705528074490577,0.0313212152998021,0.0197261437556219,0.1854644154998108,0.0019413330134734,-0.004450451582670212,0.0019413330592215061
2026-03-03,4737.316,0.8778217949914332,4651.405,4655.896,3.596753912698521,0.8766190159957227,0.0490513377096914,0.0257522845761872,0.8099507945107236,-0.0221681537259523,-0.0065715983510017395,-0.022168153896927834
2026-03-04,4609.192,0.6931876811302864,4575.825,4602.625,2.4547399817661653,0.8318464809664405,-0.092336126405374,0.0004286936999359,-0.4410376815381801,0.0069204771286066,-0.008254986256361008,0.006920476909726858
2026-03-05,4651.942,0.7495491933498343,4630.302,4647.692,1.7160595087248107,0.8069769979887332,-0.1554277379248021,-0.0332816212363084,-0.0797244771375532,3.981567483180015e-05,-0.007078547030687332,3.981567351729609e-05
2026-03-06,4621.494,0.7498757028733904,4612.794,4660.439,1.364782042214011,0.789615442923186,-0.2032741226182638,-0.0704509579946712,-0.0158608768547669,-0.0097891287414273,-0.004938453435897827,-0.00978912878781557
2026-03-09,4600.254,0.669596490339539,4548.969,4615.455,2.7884797130619,0.7510809676985941,-0.3059762378466723,-0.122083024067098,-0.6587540143329882,0.0111576333754936,-0.004196707159280777,0.011157633736729622
2026-03-10,4648.785,0.7602028831265313,4648.785,4674.756,1.793545763614919,0.7274855786789627,-0.3077129235142025,-0.1637589468606926,-0.3285366905214696,0.0073266267544269,-0.0061545781791210175,0.007326626684516668
2026-03-11,4681.032,0.8203631405556329,4674.709,4704.496,1.8995157411664432,0.7529980952574055,-0.2557632828594743,-0.1860237659110735,-0.0408586781490929,-0.0015891789814951,-0.004780277609825134,-0.0015891790390014648
2026-03-12,4700.721,0.807218499091155,4654.315,4687.56,2.453914585537013,0.7645670656031032,-0.2235892159217148,-0.196975951657077,-0.1004630397207196,0.0006462064387244,-0.004567239433526993,0.0006462064338847995
2026-03-13,4669.062,0.8125549988310068,4659.498,4669.14,2.5854574503358085,0.7771410840848871,-0.1918346840978446,-0.1989674777116253,0.0572781566490869,-0.0071644355431287,-0.005728971213102341,-0.007164435461163521
2026-03-16,4669.224,0.7533514494144791,4621.812,4671.559,2.3394954737012776,0.7939430660991954,-0.2146932723704628,-0.2054342621293003,-0.3048745550293529,0.010092233272489,-0.006494596600532532,0.010092233307659626
2026-03-17,4685.57,0.8361514559043915,4637.368,4637.439,1.7786457987483004,0.8091790183093112,-0.1614369056457708,-0.1992531700465885,-0.2493101548468506,-0.0124059996682808,-0.006556030362844467,-0.012405999936163425
2026-03-18,4648.752,0.7333413308175798,4604.516,4658.332,1.299946264448951,0.7917216772966669,-0.2042285873765121,-0.203431693629081,-0.4239120559555607,-0.0059513621406115,-0.005662150681018829,-0.005951362196356058
2026-03-19,4611.44,0.6846334826986084,4570.392,4583.251,1.6284107760821496,0.7671300439963826,-0.276582036810423,-0.222200624178419,-0.45478725363426,-0.0012590227264928,-0.004931379109621048,-0.0012590227415785193
2026-03-20,4602.821,0.674390562967677,4563.069,4567.018,1.6916588361918412,0.7394130420178424,-0.3391348212473861,-0.2505523302659992,-0.580014546142448,-0.0246275853844439,-0.004963792860507965,-0.02462758496403694
2026-03-23,4499.1,0.4742823552885046,4397.566,4417.997,2.8779355649983227,0.6834293253276055,-0.5519266715770382,-0.3186019654006209,-1.043422827734378,-0.008836210810952,-0.004861216992139816,-0.008836210705339909
2026-03-24,4458.907,0.40425308419577,4394.294,4474.722,1.652100881306608,0.5967867103277688,-0.7713225952996187,-0.4198179647383083,-0.838102432219623,0.0150522087455933,-0.005574434995651245,0.015052208676934242
2026-03-25,4506.625,0.5224916619844099,4502.027,4537.466,1.7721806061025402,0.5544884108290159,-0.8360965542923083,-0.514600891208779,-0.6066165449208084,-0.0002489993243333,-0.00338682159781456,-0.00024899933487176895
2026-03-26,4525.329,0.5205062734298805,4468.957,4477.534,0.9458974604005242,0.5215630479770758,-0.879435675047838,-0.599667346329459,-0.6119922456580114,-0.0046597152640909,-0.0029565393924713135,-0.004659715108573437
2026-03-27,4431.503,0.4833614265564377,4431.421,4502.57,0.5853860150846508,0.4832409217454971,-0.934862593023307,-0.6795378022571843,-0.5158002885567244,-0.0051945954436944,-0.0028095804154872894,-0.0051945955492556095
2026-03-30,4461.737,0.4421457432038111,4447.137,4491.95,0.8708143504333149,0.4767940344899654,-1.0025295037566344,-0.7578610855555095,-0.9585465137156473,0.0059523028477601,-0.0032925978302955627,0.00595230283215642
2026-03-31,4491.921,0.4891280060450604,4450.049,4450.049,1.1284612004323298,0.4938206908948921,-1.0053265395676525,-0.8211160540015149,-1.01586166213302,0.0019751612528811,-0.003933299332857132,0.0019751612562686205
2026-04-01,4517.272,0.5048109957410598,4492.054,4526.067,0.9923022670927064,0.4902737936185652,-0.9834179461206112,-0.8670490087588131,-0.9216973832893188,-0.0027395634129717,-0.0038748010993003845,-0.002739563351497054
2026-04-02,4514.442,0.4830156073298747,4459.61,4478.914,0.5615918440387931,0.4827528360003656,-0.9737155617429568,-0.9017267764413788,-0.9873626934212216,-0.0055835650784245,-0.003468446433544159,-0.005583565216511488
